role,company,location,time,link,scraped
Data Analyst,GenXHire Services Private Limited,"Navi Mumbai, Maharashtra, India",1 hour ago,https://in.linkedin.com/company/genxhire?trk=public_jobs_jserp-result_job-search-card-subtitle,24-08-2022 11:11:37
Data Analyst,GenXHire Services Private Limited,"Mumbai, Maharashtra, India",3 hours ago,https://in.linkedin.com/company/genxhire?trk=public_jobs_jserp-result_job-search-card-subtitle,24-08-2022 11:11:37
Data Analyst,SECARA INTERNATIONAL PVT LTD,"Kochi, Kerala, India",59 minutes ago,https://www.linkedin.com/company/secara-international?trk=public_jobs_jserp-result_job-search-card-subtitle,24-08-2022 11:11:37
Data Analyst,COINDSYZ INFO TECHNOLOGIES,"Coimbatore, Tamil Nadu, India",8 minutes ago,https://in.linkedin.com/company/coindsyz-info-technologies?trk=public_jobs_jserp-result_job-search-card-subtitle,24-08-2022 11:11:37
Data Analyst,Convin,"Bengaluru, Karnataka, India",19 hours ago,https://in.linkedin.com/company/convin?trk=public_jobs_jserp-result_job-search-card-subtitle,24-08-2022 11:11:37
Data Analyst,COINDSYZ INFO TECHNOLOGIES,"Coimbatore, Tamil Nadu, India",10 minutes ago,https://in.linkedin.com/company/coindsyz-info-technologies?trk=public_jobs_jserp-result_job-search-card-subtitle,24-08-2022 11:11:37
Data Analyst,Appen,India,18 hours ago,https://au.linkedin.com/company/appen?trk=public_jobs_jserp-result_job-search-card-subtitle,24-08-2022 11:11:37
Data Analyst,Appen,India,18 hours ago,https://au.linkedin.com/company/appen?trk=public_jobs_jserp-result_job-search-card-subtitle,24-08-2022 11:11:37
Data Analyst,COINDSYZ INFO TECHNOLOGIES,"Coimbatore, Tamil Nadu, India",28 minutes ago,https://in.linkedin.com/company/coindsyz-info-technologies?trk=public_jobs_jserp-result_job-search-card-subtitle,24-08-2022 11:11:37
Data Analyst,Committed Communities Development Trust,"Mumbai, Maharashtra, India",1 hour ago,https://in.linkedin.com/company/committed-communities-development-trust?trk=public_jobs_jserp-result_job-search-card-subtitle,24-08-2022 11:11:37
"Learn Data Analyst with Python, Sql & Tableau @ Just 9,999 INR Per Month",LEJHRO,India,46 minutes ago,https://in.linkedin.com/company/lejhro?trk=public_jobs_jserp-result_job-search-card-subtitle,24-08-2022 11:11:37
Data Analyst,Appen,"Karnataka, India",18 hours ago,https://au.linkedin.com/company/appen?trk=public_jobs_jserp-result_job-search-card-subtitle,24-08-2022 11:11:37
Data Analyst,Appen,"Mumbai, Maharashtra, India",18 hours ago,https://au.linkedin.com/company/appen?trk=public_jobs_jserp-result_job-search-card-subtitle,24-08-2022 11:11:37
Data Analyst,Appen,"Mumbai, Maharashtra, India",18 hours ago,https://au.linkedin.com/company/appen?trk=public_jobs_jserp-result_job-search-card-subtitle,24-08-2022 11:11:37
Data Analyst,IHS Markit,"Bengaluru, Karnataka, India",12 hours ago,https://uk.linkedin.com/company/ihsmarkit?trk=public_jobs_jserp-result_job-search-card-subtitle,24-08-2022 11:11:37
Data Analyst [SQL],Giant Eagle GCC,"Bengaluru, Karnataka, India",12 hours ago,https://in.linkedin.com/company/giant-eagle-gcc?trk=public_jobs_jserp-result_job-search-card-subtitle,24-08-2022 11:11:37
Data Analyst,Overseas IT Services,"Hyderabad, Telangana, India",7 hours ago,https://in.linkedin.com/company/overseas-it-services?trk=public_jobs_jserp-result_job-search-card-subtitle,24-08-2022 11:11:37
Data Analyst,Six10 Ventures,"Hyderabad, Telangana, India",16 hours ago,https://www.linkedin.com/company/six10-ventures?trk=public_jobs_jserp-result_job-search-card-subtitle,24-08-2022 11:11:37
IND Data Analyst,Aon,"Bengaluru, Karnataka, India",21 hours ago,https://uk.linkedin.com/company/aon?trk=public_jobs_jserp-result_job-search-card-subtitle,24-08-2022 11:11:37
AWS Data Quality Analyst,Winning Edge,India,31 minutes ago,https://in.linkedin.com/company/winning-edge-india?trk=public_jobs_jserp-result_job-search-card-subtitle,24-08-2022 11:11:37
Data Analyst,AFIV DATA OUTSOURCING,"Surat, Gujarat, India",22 hours ago,https://in.linkedin.com/company/afiv-data-outsourcing?trk=public_jobs_jserp-result_job-search-card-subtitle,24-08-2022 11:11:37
Analyst/Data Analytics,D. E. Shaw India Private Limited,"Hyderabad, Telangana, India",12 hours ago,https://in.linkedin.com/company/d.-e.-shaw-india-private-limited?trk=public_jobs_jserp-result_job-search-card-subtitle,24-08-2022 11:11:37
Data Analyst - Senior Associate,EY,"Kochi, Kerala, India",14 hours ago,https://uk.linkedin.com/company/ernstandyoung?trk=public_jobs_jserp-result_job-search-card-subtitle,24-08-2022 11:11:37
Data Analyst,Brightly,"Noida, Uttar Pradesh, India",19 hours ago,https://www.linkedin.com/company/brightlysoftware?trk=public_jobs_jserp-result_job-search-card-subtitle,24-08-2022 11:11:37
Data Analyst,Biofourmis,"Bangalore Urban, Karnataka, India",19 hours ago,https://www.linkedin.com/company/biofourmis?trk=public_jobs_jserp-result_job-search-card-subtitle,24-08-2022 11:11:37
Data Analyst,GenXHire Services Private Limited,"Navi Mumbai, Maharashtra, India",1 hour ago,https://in.linkedin.com/company/genxhire?trk=public_jobs_jserp-result_job-search-card-subtitle,24-08-2022 11:11:37
Data Analyst,GenXHire Services Private Limited,"Mumbai, Maharashtra, India",3 hours ago,https://in.linkedin.com/company/genxhire?trk=public_jobs_jserp-result_job-search-card-subtitle,24-08-2022 11:11:37
Data Analyst,SECARA INTERNATIONAL PVT LTD,"Kochi, Kerala, India",59 minutes ago,https://www.linkedin.com/company/secara-international?trk=public_jobs_jserp-result_job-search-card-subtitle,24-08-2022 11:11:37
Data Analyst,COINDSYZ INFO TECHNOLOGIES,"Coimbatore, Tamil Nadu, India",8 minutes ago,https://in.linkedin.com/company/coindsyz-info-technologies?trk=public_jobs_jserp-result_job-search-card-subtitle,24-08-2022 11:11:37
Data Analyst,Convin,"Bengaluru, Karnataka, India",19 hours ago,https://in.linkedin.com/company/convin?trk=public_jobs_jserp-result_job-search-card-subtitle,24-08-2022 11:11:37
Data Analyst,COINDSYZ INFO TECHNOLOGIES,"Coimbatore, Tamil Nadu, India",10 minutes ago,https://in.linkedin.com/company/coindsyz-info-technologies?trk=public_jobs_jserp-result_job-search-card-subtitle,24-08-2022 11:11:37
Data Analyst,Appen,India,18 hours ago,https://au.linkedin.com/company/appen?trk=public_jobs_jserp-result_job-search-card-subtitle,24-08-2022 11:11:37
Data Analyst,Appen,India,18 hours ago,https://au.linkedin.com/company/appen?trk=public_jobs_jserp-result_job-search-card-subtitle,24-08-2022 11:11:37
Data Analyst,COINDSYZ INFO TECHNOLOGIES,"Coimbatore, Tamil Nadu, India",28 minutes ago,https://in.linkedin.com/company/coindsyz-info-technologies?trk=public_jobs_jserp-result_job-search-card-subtitle,24-08-2022 11:11:37
Data Analyst,Committed Communities Development Trust,"Mumbai, Maharashtra, India",1 hour ago,https://in.linkedin.com/company/committed-communities-development-trust?trk=public_jobs_jserp-result_job-search-card-subtitle,24-08-2022 11:11:37
"Learn Data Analyst with Python, Sql & Tableau @ Just 9,999 INR Per Month",LEJHRO,India,46 minutes ago,https://in.linkedin.com/company/lejhro?trk=public_jobs_jserp-result_job-search-card-subtitle,24-08-2022 11:11:37
Data Analyst,Appen,"Karnataka, India",18 hours ago,https://au.linkedin.com/company/appen?trk=public_jobs_jserp-result_job-search-card-subtitle,24-08-2022 11:11:37
Data Analyst,Appen,"Mumbai, Maharashtra, India",18 hours ago,https://au.linkedin.com/company/appen?trk=public_jobs_jserp-result_job-search-card-subtitle,24-08-2022 11:11:37
Data Analyst,Appen,"Mumbai, Maharashtra, India",18 hours ago,https://au.linkedin.com/company/appen?trk=public_jobs_jserp-result_job-search-card-subtitle,24-08-2022 11:11:37
Data Analyst,IHS Markit,"Bengaluru, Karnataka, India",12 hours ago,https://uk.linkedin.com/company/ihsmarkit?trk=public_jobs_jserp-result_job-search-card-subtitle,24-08-2022 11:11:37
Data Analyst [SQL],Giant Eagle GCC,"Bengaluru, Karnataka, India",12 hours ago,https://in.linkedin.com/company/giant-eagle-gcc?trk=public_jobs_jserp-result_job-search-card-subtitle,24-08-2022 11:11:37
Data Analyst,Overseas IT Services,"Hyderabad, Telangana, India",7 hours ago,https://in.linkedin.com/company/overseas-it-services?trk=public_jobs_jserp-result_job-search-card-subtitle,24-08-2022 11:11:37
Data Analyst,Six10 Ventures,"Hyderabad, Telangana, India",16 hours ago,https://www.linkedin.com/company/six10-ventures?trk=public_jobs_jserp-result_job-search-card-subtitle,24-08-2022 11:11:37
IND Data Analyst,Aon,"Bengaluru, Karnataka, India",21 hours ago,https://uk.linkedin.com/company/aon?trk=public_jobs_jserp-result_job-search-card-subtitle,24-08-2022 11:11:37
AWS Data Quality Analyst,Winning Edge,India,31 minutes ago,https://in.linkedin.com/company/winning-edge-india?trk=public_jobs_jserp-result_job-search-card-subtitle,24-08-2022 11:11:37
Data Analyst,AFIV DATA OUTSOURCING,"Surat, Gujarat, India",22 hours ago,https://in.linkedin.com/company/afiv-data-outsourcing?trk=public_jobs_jserp-result_job-search-card-subtitle,24-08-2022 11:11:37
Analyst/Data Analytics,D. E. Shaw India Private Limited,"Hyderabad, Telangana, India",12 hours ago,https://in.linkedin.com/company/d.-e.-shaw-india-private-limited?trk=public_jobs_jserp-result_job-search-card-subtitle,24-08-2022 11:11:37
Data Analyst - Senior Associate,EY,"Kochi, Kerala, India",14 hours ago,https://uk.linkedin.com/company/ernstandyoung?trk=public_jobs_jserp-result_job-search-card-subtitle,24-08-2022 11:11:37
Data Analyst,Brightly,"Noida, Uttar Pradesh, India",19 hours ago,https://www.linkedin.com/company/brightlysoftware?trk=public_jobs_jserp-result_job-search-card-subtitle,24-08-2022 11:11:37
Data Analyst,Biofourmis,"Bangalore Urban, Karnataka, India",19 hours ago,https://www.linkedin.com/company/biofourmis?trk=public_jobs_jserp-result_job-search-card-subtitle,24-08-2022 11:11:37
Data Analyst,GenXHire Services Private Limited,"Navi Mumbai, Maharashtra, India",1 hour ago,https://in.linkedin.com/company/genxhire?trk=public_jobs_jserp-result_job-search-card-subtitle,24-08-2022 11:11:37
Data Analyst,GenXHire Services Private Limited,"Mumbai, Maharashtra, India",3 hours ago,https://in.linkedin.com/company/genxhire?trk=public_jobs_jserp-result_job-search-card-subtitle,24-08-2022 11:11:37
Data Analyst,SECARA INTERNATIONAL PVT LTD,"Kochi, Kerala, India",1 hour ago,https://www.linkedin.com/company/secara-international?trk=public_jobs_jserp-result_job-search-card-subtitle,24-08-2022 11:11:37
Data Analyst,COINDSYZ INFO TECHNOLOGIES,"Coimbatore, Tamil Nadu, India",8 minutes ago,https://in.linkedin.com/company/coindsyz-info-technologies?trk=public_jobs_jserp-result_job-search-card-subtitle,24-08-2022 11:11:37
Data Analyst,Convin,"Bengaluru, Karnataka, India",19 hours ago,https://in.linkedin.com/company/convin?trk=public_jobs_jserp-result_job-search-card-subtitle,24-08-2022 11:11:37
Data Analyst,COINDSYZ INFO TECHNOLOGIES,"Coimbatore, Tamil Nadu, India",10 minutes ago,https://in.linkedin.com/company/coindsyz-info-technologies?trk=public_jobs_jserp-result_job-search-card-subtitle,24-08-2022 11:11:37
Data Analyst,Appen,India,18 hours ago,https://au.linkedin.com/company/appen?trk=public_jobs_jserp-result_job-search-card-subtitle,24-08-2022 11:11:37
Data Analyst,Appen,India,18 hours ago,https://au.linkedin.com/company/appen?trk=public_jobs_jserp-result_job-search-card-subtitle,24-08-2022 11:11:37
Data Analyst,COINDSYZ INFO TECHNOLOGIES,"Coimbatore, Tamil Nadu, India",28 minutes ago,https://in.linkedin.com/company/coindsyz-info-technologies?trk=public_jobs_jserp-result_job-search-card-subtitle,24-08-2022 11:11:37
Data Analyst,Committed Communities Development Trust,"Mumbai, Maharashtra, India",1 hour ago,https://in.linkedin.com/company/committed-communities-development-trust?trk=public_jobs_jserp-result_job-search-card-subtitle,24-08-2022 11:11:37
"Learn Data Analyst with Python, Sql & Tableau @ Just 9,999 INR Per Month",LEJHRO,India,46 minutes ago,https://in.linkedin.com/company/lejhro?trk=public_jobs_jserp-result_job-search-card-subtitle,24-08-2022 11:11:37
Data Analyst,Appen,"Karnataka, India",18 hours ago,https://au.linkedin.com/company/appen?trk=public_jobs_jserp-result_job-search-card-subtitle,24-08-2022 11:11:37
Data Analyst,Appen,"Mumbai, Maharashtra, India",18 hours ago,https://au.linkedin.com/company/appen?trk=public_jobs_jserp-result_job-search-card-subtitle,24-08-2022 11:11:37
Data Analyst,Appen,"Mumbai, Maharashtra, India",18 hours ago,https://au.linkedin.com/company/appen?trk=public_jobs_jserp-result_job-search-card-subtitle,24-08-2022 11:11:37
Data Analyst,IHS Markit,"Bengaluru, Karnataka, India",12 hours ago,https://uk.linkedin.com/company/ihsmarkit?trk=public_jobs_jserp-result_job-search-card-subtitle,24-08-2022 11:11:37
Data Analyst [SQL],Giant Eagle GCC,"Bengaluru, Karnataka, India",12 hours ago,https://in.linkedin.com/company/giant-eagle-gcc?trk=public_jobs_jserp-result_job-search-card-subtitle,24-08-2022 11:11:37
Data Analyst,Overseas IT Services,"Hyderabad, Telangana, India",7 hours ago,https://in.linkedin.com/company/overseas-it-services?trk=public_jobs_jserp-result_job-search-card-subtitle,24-08-2022 11:11:37
Data Analyst,Six10 Ventures,"Hyderabad, Telangana, India",16 hours ago,https://www.linkedin.com/company/six10-ventures?trk=public_jobs_jserp-result_job-search-card-subtitle,24-08-2022 11:11:37
IND Data Analyst,Aon,"Bengaluru, Karnataka, India",21 hours ago,https://uk.linkedin.com/company/aon?trk=public_jobs_jserp-result_job-search-card-subtitle,24-08-2022 11:11:37
AWS Data Quality Analyst,Winning Edge,India,31 minutes ago,https://in.linkedin.com/company/winning-edge-india?trk=public_jobs_jserp-result_job-search-card-subtitle,24-08-2022 11:11:37
Data Analyst,AFIV DATA OUTSOURCING,"Surat, Gujarat, India",22 hours ago,https://in.linkedin.com/company/afiv-data-outsourcing?trk=public_jobs_jserp-result_job-search-card-subtitle,24-08-2022 11:11:37
Analyst/Data Analytics,D. E. Shaw India Private Limited,"Hyderabad, Telangana, India",12 hours ago,https://in.linkedin.com/company/d.-e.-shaw-india-private-limited?trk=public_jobs_jserp-result_job-search-card-subtitle,24-08-2022 11:11:37
Data Analyst - Senior Associate,EY,"Kochi, Kerala, India",14 hours ago,https://uk.linkedin.com/company/ernstandyoung?trk=public_jobs_jserp-result_job-search-card-subtitle,24-08-2022 11:11:37
Data Analyst,Brightly,"Noida, Uttar Pradesh, India",19 hours ago,https://www.linkedin.com/company/brightlysoftware?trk=public_jobs_jserp-result_job-search-card-subtitle,24-08-2022 11:11:37
Data Analyst,Biofourmis,"Bangalore Urban, Karnataka, India",19 hours ago,https://www.linkedin.com/company/biofourmis?trk=public_jobs_jserp-result_job-search-card-subtitle,24-08-2022 11:11:37
Data Analyst,GenXHire Services Private Limited,"Navi Mumbai, Maharashtra, India",1 hour ago,https://in.linkedin.com/company/genxhire?trk=public_jobs_jserp-result_job-search-card-subtitle,24-08-2022 11:11:37
Data Analyst,GenXHire Services Private Limited,"Mumbai, Maharashtra, India",3 hours ago,https://in.linkedin.com/company/genxhire?trk=public_jobs_jserp-result_job-search-card-subtitle,24-08-2022 11:11:37
Data Analyst,SECARA INTERNATIONAL PVT LTD,"Kochi, Kerala, India",1 hour ago,https://www.linkedin.com/company/secara-international?trk=public_jobs_jserp-result_job-search-card-subtitle,24-08-2022 11:11:37
Data Analyst,COINDSYZ INFO TECHNOLOGIES,"Coimbatore, Tamil Nadu, India",9 minutes ago,https://in.linkedin.com/company/coindsyz-info-technologies?trk=public_jobs_jserp-result_job-search-card-subtitle,24-08-2022 11:11:37
Data Analyst,Convin,"Bengaluru, Karnataka, India",19 hours ago,https://in.linkedin.com/company/convin?trk=public_jobs_jserp-result_job-search-card-subtitle,24-08-2022 11:11:37
Data Analyst,COINDSYZ INFO TECHNOLOGIES,"Coimbatore, Tamil Nadu, India",10 minutes ago,https://in.linkedin.com/company/coindsyz-info-technologies?trk=public_jobs_jserp-result_job-search-card-subtitle,24-08-2022 11:11:37
Data Analyst,Appen,India,18 hours ago,https://au.linkedin.com/company/appen?trk=public_jobs_jserp-result_job-search-card-subtitle,24-08-2022 11:11:37
Data Analyst,COINDSYZ INFO TECHNOLOGIES,"Coimbatore, Tamil Nadu, India",28 minutes ago,https://in.linkedin.com/company/coindsyz-info-technologies?trk=public_jobs_jserp-result_job-search-card-subtitle,24-08-2022 11:11:37
Data Analyst,Committed Communities Development Trust,"Mumbai, Maharashtra, India",1 hour ago,https://in.linkedin.com/company/committed-communities-development-trust?trk=public_jobs_jserp-result_job-search-card-subtitle,24-08-2022 11:11:37
"Learn Data Analyst with Python, Sql & Tableau @ Just 9,999 INR Per Month",LEJHRO,India,46 minutes ago,https://in.linkedin.com/company/lejhro?trk=public_jobs_jserp-result_job-search-card-subtitle,24-08-2022 11:11:37
Data Analyst,Appen,"Karnataka, India",18 hours ago,https://au.linkedin.com/company/appen?trk=public_jobs_jserp-result_job-search-card-subtitle,24-08-2022 11:11:37
Data Analyst,Appen,"Mumbai, Maharashtra, India",18 hours ago,https://au.linkedin.com/company/appen?trk=public_jobs_jserp-result_job-search-card-subtitle,24-08-2022 11:11:37
Data Analyst,Appen,"Mumbai, Maharashtra, India",18 hours ago,https://au.linkedin.com/company/appen?trk=public_jobs_jserp-result_job-search-card-subtitle,24-08-2022 11:11:37
Data Analyst,Appen,India,18 hours ago,https://au.linkedin.com/company/appen?trk=public_jobs_jserp-result_job-search-card-subtitle,24-08-2022 11:11:37
Data Analyst,IHS Markit,"Bengaluru, Karnataka, India",12 hours ago,https://uk.linkedin.com/company/ihsmarkit?trk=public_jobs_jserp-result_job-search-card-subtitle,24-08-2022 11:11:37
Data Analyst [SQL],Giant Eagle GCC,"Bengaluru, Karnataka, India",12 hours ago,https://in.linkedin.com/company/giant-eagle-gcc?trk=public_jobs_jserp-result_job-search-card-subtitle,24-08-2022 11:11:37
Data Analyst,Overseas IT Services,"Hyderabad, Telangana, India",7 hours ago,https://in.linkedin.com/company/overseas-it-services?trk=public_jobs_jserp-result_job-search-card-subtitle,24-08-2022 11:11:37
Data Analyst,Six10 Ventures,"Hyderabad, Telangana, India",16 hours ago,https://www.linkedin.com/company/six10-ventures?trk=public_jobs_jserp-result_job-search-card-subtitle,24-08-2022 11:11:37
IND Data Analyst,Aon,"Bengaluru, Karnataka, India",21 hours ago,https://uk.linkedin.com/company/aon?trk=public_jobs_jserp-result_job-search-card-subtitle,24-08-2022 11:11:37
AWS Data Quality Analyst,Winning Edge,India,31 minutes ago,https://in.linkedin.com/company/winning-edge-india?trk=public_jobs_jserp-result_job-search-card-subtitle,24-08-2022 11:11:37
Data Analyst,AFIV DATA OUTSOURCING,"Surat, Gujarat, India",22 hours ago,https://in.linkedin.com/company/afiv-data-outsourcing?trk=public_jobs_jserp-result_job-search-card-subtitle,24-08-2022 11:11:37
Data Analyst - Senior Associate,EY,"Kochi, Kerala, India",14 hours ago,https://uk.linkedin.com/company/ernstandyoung?trk=public_jobs_jserp-result_job-search-card-subtitle,24-08-2022 11:11:37
Data Analyst,Brightly,"Noida, Uttar Pradesh, India",19 hours ago,https://www.linkedin.com/company/brightlysoftware?trk=public_jobs_jserp-result_job-search-card-subtitle,24-08-2022 11:11:37
Data Analyst,Biofourmis,"Bangalore Urban, Karnataka, India",19 hours ago,https://www.linkedin.com/company/biofourmis?trk=public_jobs_jserp-result_job-search-card-subtitle,24-08-2022 11:11:37
Data Analyst,BD,"Gurgaon, Haryana, India",20 hours ago,https://www.linkedin.com/company/bd1?trk=public_jobs_jserp-result_job-search-card-subtitle,24-08-2022 11:11:37
Data Engineer,True Talents Consulting Pvt. Ltd,"Chennai, Tamil Nadu, India",48 minutes ago,https://in.linkedin.com/company/truetalentsconsulting?trk=public_jobs_jserp-result_job-search-card-subtitle,24-08-2022 11:11:37
Data Pipeline Developer,OneData Software Solutions,"Chennai, Tamil Nadu, India",19 hours ago,https://www.linkedin.com/company/onedata-software-solutions-pvt-ltd-?trk=public_jobs_jserp-result_job-search-card-subtitle,24-08-2022 11:11:37
DET_RCE_Data_Engineer_GDSF02,EY,"Noida, Uttar Pradesh, India",20 hours ago,https://uk.linkedin.com/company/ernstandyoung?trk=public_jobs_jserp-result_job-search-card-subtitle,24-08-2022 11:11:37
Data Analyst,COINDSYZ INFO TECHNOLOGIES,"Coimbatore, Tamil Nadu, India",11 minutes ago,https://in.linkedin.com/company/coindsyz-info-technologies?trk=public_jobs_jserp-result_job-search-card-subtitle,24-08-2022 11:11:37
Data Engineer 1,JLL Technologies,"Bengaluru, Karnataka, India",23 hours ago,https://www.linkedin.com/company/jlltechnologies?trk=public_jobs_jserp-result_job-search-card-subtitle,24-08-2022 11:11:37
MEAN Stack Developer,Opportunity One Step Solutions Private Limited,"Mohali district, Punjab, India",22 hours ago,https://in.linkedin.com/company/opportunity-hub-management-services?trk=public_jobs_jserp-result_job-search-card-subtitle,24-08-2022 11:11:37
Apigee Developer,Infosys,"Bengaluru, Karnataka, India",20 hours ago,https://in.linkedin.com/company/infosys?trk=public_jobs_jserp-result_job-search-card-subtitle,24-08-2022 11:11:37
Data Analyst,Appen,"Mumbai, Maharashtra, India",18 hours ago,https://au.linkedin.com/company/appen?trk=public_jobs_jserp-result_job-search-card-subtitle,24-08-2022 11:11:37
Consumer Insight Intern,Entropik Tech,"Bengaluru, Karnataka, India",1 day ago,https://in.linkedin.com/company/entropiktech?trk=public_jobs_jserp-result_job-search-card-subtitle,24-08-2022 11:11:37
Software Engineer (Data Warehousing and SQL),ANSR,"Gurgaon, Haryana, India",12 hours ago,https://in.linkedin.com/company/ansr-consulting?trk=public_jobs_jserp-result_job-search-card-subtitle,24-08-2022 11:11:37
Software Engineer II,Civitas Learning,"Pune, Maharashtra, India",6 hours ago,https://www.linkedin.com/company/civitas-learning?trk=public_jobs_jserp-result_job-search-card-subtitle,24-08-2022 11:11:37
Software Engineer- PMO,KPIT,"Bengaluru, Karnataka, India",20 hours ago,https://in.linkedin.com/company/kpit?trk=public_jobs_jserp-result_job-search-card-subtitle,24-08-2022 11:11:37
"Software Engineer, Insights & Visualizations",Pegasystems,"Hyderabad, Telangana, India",14 hours ago,https://www.linkedin.com/company/pegasystems?trk=public_jobs_jserp-result_job-search-card-subtitle,24-08-2022 11:11:37
Software Engineer,IDESLABS PRIVATE LIMITED,"Hyderabad, Telangana, India",16 hours ago,https://in.linkedin.com/company/ideslabs-pvt-ltd?trk=public_jobs_jserp-result_job-search-card-subtitle,24-08-2022 11:11:37
Data Engineer,NTT DATA Services,"Chennai, Tamil Nadu, India",13 hours ago,https://www.linkedin.com/company/ntt-data-americas?trk=public_jobs_jserp-result_job-search-card-subtitle,24-08-2022 11:11:37
Data Engineer with Ab Initio ETL - W3891,Nisum,"Hyderabad, Telangana, India",18 hours ago,https://www.linkedin.com/company/nisum-technologies?trk=public_jobs_jserp-result_job-search-card-subtitle,24-08-2022 11:11:37
eDiscovery (Data Analyst),Giant Eagle GCC,"Bengaluru, Karnataka, India",12 hours ago,https://in.linkedin.com/company/giant-eagle-gcc?trk=public_jobs_jserp-result_job-search-card-subtitle,24-08-2022 11:11:37
Data Engineer,Quikr,"Bengaluru, Karnataka, India",11 hours ago,https://in.linkedin.com/company/quikr?trk=public_jobs_jserp-result_job-search-card-subtitle,24-08-2022 11:11:37
Full Stack Engineer,AlignBits LLC,India,20 hours ago,https://ae.linkedin.com/company/alignbits-llc?trk=public_jobs_jserp-result_job-search-card-subtitle,24-08-2022 11:11:37
Data Quality Analyst,Arup,"Hyderabad, Telangana, India",22 hours ago,https://uk.linkedin.com/company/arup?trk=public_jobs_jserp-result_job-search-card-subtitle,24-08-2022 11:11:37
Data Engineer,upGrad Rekrut,"Mohali district, Punjab, India",1 hour ago,https://in.linkedin.com/company/rekrutindia?trk=public_jobs_jserp-result_job-search-card-subtitle,24-08-2022 11:11:37
Data Governance Analyst,JLL Technologies,"Bengaluru, Karnataka, India",23 hours ago,https://www.linkedin.com/company/jlltechnologies?trk=public_jobs_jserp-result_job-search-card-subtitle,24-08-2022 11:11:37
Data Analyst - Senior Associate,EY,"Kochi, Kerala, India",14 hours ago,https://uk.linkedin.com/company/ernstandyoung?trk=public_jobs_jserp-result_job-search-card-subtitle,24-08-2022 11:11:37
GCP Data Engineer,ManVision Consulting,"Bengaluru, Karnataka, India",1 day ago,https://au.linkedin.com/company/manvision-consulting?trk=public_jobs_jserp-result_job-search-card-subtitle,24-08-2022 11:11:37
Senior Analyst – Data Analytics,Flex,"Chennai, Tamil Nadu, India",10 hours ago,https://sg.linkedin.com/company/flexintl?trk=public_jobs_jserp-result_job-search-card-subtitle,24-08-2022 11:11:37
UI developer,Vanderlande,"Pune, Maharashtra, India",20 hours ago,https://nl.linkedin.com/company/vanderlande?trk=public_jobs_jserp-result_job-search-card-subtitle,24-08-2022 11:11:37
PHP Developer - IND,Ingram Micro,"Chennai, Tamil Nadu, India",8 hours ago,https://www.linkedin.com/company/ingram-micro?trk=public_jobs_jserp-result_job-search-card-subtitle,24-08-2022 11:11:37
Embedded Firmware Engineer,Celestial AI,"Hyderabad, Telangana, India",7 hours ago,https://www.linkedin.com/company/celestial-ai?trk=public_jobs_jserp-result_job-search-card-subtitle,24-08-2022 11:11:37
Software Test Engineer II,Spacelabs Healthcare,"Hyderabad, Telangana, India",19 hours ago,https://www.linkedin.com/company/spacelabs-healthcare?trk=public_jobs_jserp-result_job-search-card-subtitle,24-08-2022 11:11:37
"Engineer II,SW",HARMAN International,"Bengaluru, Karnataka, India",19 hours ago,https://www.linkedin.com/company/harman-international?trk=public_jobs_jserp-result_job-search-card-subtitle,24-08-2022 11:11:37
Full Stack Engineer,AlignBits LLC,India,20 hours ago,https://ae.linkedin.com/company/alignbits-llc?trk=public_jobs_jserp-result_job-search-card-subtitle,24-08-2022 11:11:37
Software Engineer - Dot NET Full Stack,Societe Generale,"Bengaluru, Karnataka, India",6 hours ago,https://fr.linkedin.com/company/societe-generale?trk=public_jobs_jserp-result_job-search-card-subtitle,24-08-2022 11:11:37
Digital Engagement Angular Software Engineer,EPAM Systems,"Bengaluru, Karnataka, India",4 hours ago,https://www.linkedin.com/company/epam-systems?trk=public_jobs_jserp-result_job-search-card-subtitle,24-08-2022 11:11:37
Software Test Engineer II,Spacelabs Healthcare,"Hyderabad, Telangana, India",19 hours ago,https://www.linkedin.com/company/spacelabs-healthcare?trk=public_jobs_jserp-result_job-search-card-subtitle,24-08-2022 11:11:37
Software Test Engineer II,Spacelabs Healthcare,"Hyderabad, Telangana, India",19 hours ago,https://www.linkedin.com/company/spacelabs-healthcare?trk=public_jobs_jserp-result_job-search-card-subtitle,24-08-2022 11:11:37
Data Engineer,HiyaMee,"Hyderabad, Telangana, India",52 minutes ago,https://in.linkedin.com/company/hiyamee?trk=public_jobs_jserp-result_job-search-card-subtitle,24-08-2022 11:11:37
"Software Engineer - Hyderabad, TG",Optum,"Hyderabad, Telangana, India",1 hour ago,https://www.linkedin.com/company/optum?trk=public_jobs_jserp-result_job-search-card-subtitle,24-08-2022 11:11:37
Thingworx Developer,SS Eduks Management Consultants Pvt. Ltd.,"Hyderabad, Telangana, India",18 hours ago,https://in.linkedin.com/company/ss-eduks-management-consultants-pvt-ltd?trk=public_jobs_jserp-result_job-search-card-subtitle,24-08-2022 11:11:37
"Engineer, Software Development",Ingram Micro,"Chennai, Tamil Nadu, India",8 hours ago,https://www.linkedin.com/company/ingram-micro?trk=public_jobs_jserp-result_job-search-card-subtitle,24-08-2022 11:11:37
Back End Developer,Maxlence Digital,"Gurugram, Haryana, India",21 hours ago,https://au.linkedin.com/company/maxlence-digital?trk=public_jobs_jserp-result_job-search-card-subtitle,24-08-2022 11:11:37
"*Engineer, Software Development-IND",Ingram Micro,"Chennai, Tamil Nadu, India",8 hours ago,https://www.linkedin.com/company/ingram-micro?trk=public_jobs_jserp-result_job-search-card-subtitle,24-08-2022 11:11:37
Software Development Engineer-II,Confidential,India,11 hours ago,https://www.linkedin.com/company/confidentialcompany?trk=public_jobs_jserp-result_job-search-card-subtitle,24-08-2022 11:11:37
Digital Engagement Angular Software Engineer,EPAM Systems,"Hyderabad, Telangana, India",4 hours ago,https://www.linkedin.com/company/epam-systems?trk=public_jobs_jserp-result_job-search-card-subtitle,24-08-2022 11:11:37
SDE III - Frontend Developer,Mindtickle,"Pune, Maharashtra, India",19 hours ago,https://www.linkedin.com/company/mindtickle?trk=public_jobs_jserp-result_job-search-card-subtitle,24-08-2022 11:11:37
Data & Applied Scientist II,Microsoft,"Hyderabad, Telangana, India",9 hours ago,https://www.linkedin.com/company/microsoft?trk=public_jobs_jserp-result_job-search-card-subtitle,24-08-2022 11:11:37
Software Engineer II,Microsoft,"Hyderabad, Telangana, India",18 hours ago,https://www.linkedin.com/company/microsoft?trk=public_jobs_jserp-result_job-search-card-subtitle,24-08-2022 11:11:37
"Software Engineer, AI",Celestial AI,"Hyderabad, Telangana, India",7 hours ago,https://www.linkedin.com/company/celestial-ai?trk=public_jobs_jserp-result_job-search-card-subtitle,24-08-2022 11:11:37
Software Engineer (.Net developer),Infor,"Hyderabad, Telangana, India",14 hours ago,https://www.linkedin.com/company/infor?trk=public_jobs_jserp-result_job-search-card-subtitle,24-08-2022 11:11:37
Data Engineer,upGrad Rekrut,"Mohali district, Punjab, India",1 hour ago,https://in.linkedin.com/company/rekrutindia?trk=public_jobs_jserp-result_job-search-card-subtitle,24-08-2022 11:11:37
Software Developer,Hexagon Capability Center India,"Hyderabad, Telangana, India",18 hours ago,https://in.linkedin.com/company/hexagon-capability-center-india?trk=public_jobs_jserp-result_job-search-card-subtitle,24-08-2022 11:11:37
Data Analyst,GenXHire Services Private Limited,"Navi Mumbai, Maharashtra, India",1 hour ago,https://in.linkedin.com/company/genxhire?trk=public_jobs_jserp-result_job-search-card-subtitle,24-08-2022 11:11:37
Data Analyst,GenXHire Services Private Limited,"Mumbai, Maharashtra, India",3 hours ago,https://in.linkedin.com/company/genxhire?trk=public_jobs_jserp-result_job-search-card-subtitle,24-08-2022 11:11:37
Data Analyst,SECARA INTERNATIONAL PVT LTD,"Kochi, Kerala, India",1 hour ago,https://www.linkedin.com/company/secara-international?trk=public_jobs_jserp-result_job-search-card-subtitle,24-08-2022 11:11:37
Data Analyst,COINDSYZ INFO TECHNOLOGIES,"Coimbatore, Tamil Nadu, India",9 minutes ago,https://in.linkedin.com/company/coindsyz-info-technologies?trk=public_jobs_jserp-result_job-search-card-subtitle,24-08-2022 11:11:37
Data Analyst,Convin,"Bengaluru, Karnataka, India",19 hours ago,https://in.linkedin.com/company/convin?trk=public_jobs_jserp-result_job-search-card-subtitle,24-08-2022 11:11:37
Data Analyst,COINDSYZ INFO TECHNOLOGIES,"Coimbatore, Tamil Nadu, India",11 minutes ago,https://in.linkedin.com/company/coindsyz-info-technologies?trk=public_jobs_jserp-result_job-search-card-subtitle,24-08-2022 11:11:37
Data Analyst,Appen,India,18 hours ago,https://au.linkedin.com/company/appen?trk=public_jobs_jserp-result_job-search-card-subtitle,24-08-2022 11:11:37
Data Analyst,COINDSYZ INFO TECHNOLOGIES,"Coimbatore, Tamil Nadu, India",29 minutes ago,https://in.linkedin.com/company/coindsyz-info-technologies?trk=public_jobs_jserp-result_job-search-card-subtitle,24-08-2022 11:11:37
Data Analyst,Committed Communities Development Trust,"Mumbai, Maharashtra, India",1 hour ago,https://in.linkedin.com/company/committed-communities-development-trust?trk=public_jobs_jserp-result_job-search-card-subtitle,24-08-2022 11:11:37
"Learn Data Analyst with Python, Sql & Tableau @ Just 9,999 INR Per Month",LEJHRO,India,47 minutes ago,https://in.linkedin.com/company/lejhro?trk=public_jobs_jserp-result_job-search-card-subtitle,24-08-2022 11:11:37
Data Analyst,Appen,"Karnataka, India",18 hours ago,https://au.linkedin.com/company/appen?trk=public_jobs_jserp-result_job-search-card-subtitle,24-08-2022 11:11:37
Data Analyst,Appen,"Mumbai, Maharashtra, India",18 hours ago,https://au.linkedin.com/company/appen?trk=public_jobs_jserp-result_job-search-card-subtitle,24-08-2022 11:11:37
Data Analyst,Appen,"Mumbai, Maharashtra, India",18 hours ago,https://au.linkedin.com/company/appen?trk=public_jobs_jserp-result_job-search-card-subtitle,24-08-2022 11:11:37
Data Analyst,Appen,India,18 hours ago,https://au.linkedin.com/company/appen?trk=public_jobs_jserp-result_job-search-card-subtitle,24-08-2022 11:11:37
Data Analyst,IHS Markit,"Bengaluru, Karnataka, India",12 hours ago,https://uk.linkedin.com/company/ihsmarkit?trk=public_jobs_jserp-result_job-search-card-subtitle,24-08-2022 11:11:37
Data Analyst [SQL],Giant Eagle GCC,"Bengaluru, Karnataka, India",12 hours ago,https://in.linkedin.com/company/giant-eagle-gcc?trk=public_jobs_jserp-result_job-search-card-subtitle,24-08-2022 11:11:37
Data Analyst,Overseas IT Services,"Hyderabad, Telangana, India",7 hours ago,https://in.linkedin.com/company/overseas-it-services?trk=public_jobs_jserp-result_job-search-card-subtitle,24-08-2022 11:11:37
Data Analyst,Six10 Ventures,"Hyderabad, Telangana, India",16 hours ago,https://www.linkedin.com/company/six10-ventures?trk=public_jobs_jserp-result_job-search-card-subtitle,24-08-2022 11:11:37
IND Data Analyst,Aon,"Bengaluru, Karnataka, India",21 hours ago,https://uk.linkedin.com/company/aon?trk=public_jobs_jserp-result_job-search-card-subtitle,24-08-2022 11:11:37
AWS Data Quality Analyst,Winning Edge,India,32 minutes ago,https://in.linkedin.com/company/winning-edge-india?trk=public_jobs_jserp-result_job-search-card-subtitle,24-08-2022 11:11:37
Data Analyst,AFIV DATA OUTSOURCING,"Surat, Gujarat, India",22 hours ago,https://in.linkedin.com/company/afiv-data-outsourcing?trk=public_jobs_jserp-result_job-search-card-subtitle,24-08-2022 11:11:37
Data Analyst - Senior Associate,EY,"Kochi, Kerala, India",14 hours ago,https://uk.linkedin.com/company/ernstandyoung?trk=public_jobs_jserp-result_job-search-card-subtitle,24-08-2022 11:11:37
Data Analyst,Brightly,"Noida, Uttar Pradesh, India",19 hours ago,https://www.linkedin.com/company/brightlysoftware?trk=public_jobs_jserp-result_job-search-card-subtitle,24-08-2022 11:11:37
Data Analyst,Biofourmis,"Bangalore Urban, Karnataka, India",19 hours ago,https://www.linkedin.com/company/biofourmis?trk=public_jobs_jserp-result_job-search-card-subtitle,24-08-2022 11:11:37
Data Analyst,BD,"Gurgaon, Haryana, India",20 hours ago,https://www.linkedin.com/company/bd1?trk=public_jobs_jserp-result_job-search-card-subtitle,24-08-2022 11:11:37
Data Analyst,GenXHire Services Private Limited,"Navi Mumbai, Maharashtra, India",1 hour ago,https://in.linkedin.com/company/genxhire?trk=public_jobs_jserp-result_job-search-card-subtitle,24-08-2022 11:11:37
Data Analyst,GenXHire Services Private Limited,"Mumbai, Maharashtra, India",3 hours ago,https://in.linkedin.com/company/genxhire?trk=public_jobs_jserp-result_job-search-card-subtitle,24-08-2022 11:11:37
Data Analyst,SECARA INTERNATIONAL PVT LTD,"Kochi, Kerala, India",1 hour ago,https://www.linkedin.com/company/secara-international?trk=public_jobs_jserp-result_job-search-card-subtitle,24-08-2022 11:11:37
Data Analyst,COINDSYZ INFO TECHNOLOGIES,"Coimbatore, Tamil Nadu, India",9 minutes ago,https://in.linkedin.com/company/coindsyz-info-technologies?trk=public_jobs_jserp-result_job-search-card-subtitle,24-08-2022 11:11:37
Data Analyst,Convin,"Bengaluru, Karnataka, India",19 hours ago,https://in.linkedin.com/company/convin?trk=public_jobs_jserp-result_job-search-card-subtitle,24-08-2022 11:11:37
Data Analyst,COINDSYZ INFO TECHNOLOGIES,"Coimbatore, Tamil Nadu, India",11 minutes ago,https://in.linkedin.com/company/coindsyz-info-technologies?trk=public_jobs_jserp-result_job-search-card-subtitle,24-08-2022 11:11:37
Data Analyst,Appen,India,18 hours ago,https://au.linkedin.com/company/appen?trk=public_jobs_jserp-result_job-search-card-subtitle,24-08-2022 11:11:37
Data Analyst,Appen,India,18 hours ago,https://au.linkedin.com/company/appen?trk=public_jobs_jserp-result_job-search-card-subtitle,24-08-2022 11:11:37
Data Analyst,COINDSYZ INFO TECHNOLOGIES,"Coimbatore, Tamil Nadu, India",29 minutes ago,https://in.linkedin.com/company/coindsyz-info-technologies?trk=public_jobs_jserp-result_job-search-card-subtitle,24-08-2022 11:11:37
Data Analyst,Committed Communities Development Trust,"Mumbai, Maharashtra, India",1 hour ago,https://in.linkedin.com/company/committed-communities-development-trust?trk=public_jobs_jserp-result_job-search-card-subtitle,24-08-2022 11:11:37
"Learn Data Analyst with Python, Sql & Tableau @ Just 9,999 INR Per Month",LEJHRO,India,47 minutes ago,https://in.linkedin.com/company/lejhro?trk=public_jobs_jserp-result_job-search-card-subtitle,24-08-2022 11:11:37
Data Analyst,Appen,"Karnataka, India",18 hours ago,https://au.linkedin.com/company/appen?trk=public_jobs_jserp-result_job-search-card-subtitle,24-08-2022 11:11:37
Data Analyst,Appen,"Mumbai, Maharashtra, India",18 hours ago,https://au.linkedin.com/company/appen?trk=public_jobs_jserp-result_job-search-card-subtitle,24-08-2022 11:11:37
Data Analyst,Appen,"Mumbai, Maharashtra, India",18 hours ago,https://au.linkedin.com/company/appen?trk=public_jobs_jserp-result_job-search-card-subtitle,24-08-2022 11:11:37
Data Analyst,IHS Markit,"Bengaluru, Karnataka, India",12 hours ago,https://uk.linkedin.com/company/ihsmarkit?trk=public_jobs_jserp-result_job-search-card-subtitle,24-08-2022 11:11:37
Data Analyst [SQL],Giant Eagle GCC,"Bengaluru, Karnataka, India",12 hours ago,https://in.linkedin.com/company/giant-eagle-gcc?trk=public_jobs_jserp-result_job-search-card-subtitle,24-08-2022 11:11:37
Data Analyst,Overseas IT Services,"Hyderabad, Telangana, India",7 hours ago,https://in.linkedin.com/company/overseas-it-services?trk=public_jobs_jserp-result_job-search-card-subtitle,24-08-2022 11:11:37
Data Analyst,Six10 Ventures,"Hyderabad, Telangana, India",16 hours ago,https://www.linkedin.com/company/six10-ventures?trk=public_jobs_jserp-result_job-search-card-subtitle,24-08-2022 11:11:37
IND Data Analyst,Aon,"Bengaluru, Karnataka, India",21 hours ago,https://uk.linkedin.com/company/aon?trk=public_jobs_jserp-result_job-search-card-subtitle,24-08-2022 11:11:37
AWS Data Quality Analyst,Winning Edge,India,32 minutes ago,https://in.linkedin.com/company/winning-edge-india?trk=public_jobs_jserp-result_job-search-card-subtitle,24-08-2022 11:11:37
Data Analyst,AFIV DATA OUTSOURCING,"Surat, Gujarat, India",22 hours ago,https://in.linkedin.com/company/afiv-data-outsourcing?trk=public_jobs_jserp-result_job-search-card-subtitle,24-08-2022 11:11:37
Analyst/Data Analytics,D. E. Shaw India Private Limited,"Hyderabad, Telangana, India",12 hours ago,https://in.linkedin.com/company/d.-e.-shaw-india-private-limited?trk=public_jobs_jserp-result_job-search-card-subtitle,24-08-2022 11:11:37
Data Analyst - Senior Associate,EY,"Kochi, Kerala, India",14 hours ago,https://uk.linkedin.com/company/ernstandyoung?trk=public_jobs_jserp-result_job-search-card-subtitle,24-08-2022 11:11:37
Data Analyst,Brightly,"Noida, Uttar Pradesh, India",19 hours ago,https://www.linkedin.com/company/brightlysoftware?trk=public_jobs_jserp-result_job-search-card-subtitle,24-08-2022 11:11:37
Data Analyst,Biofourmis,"Bangalore Urban, Karnataka, India",19 hours ago,https://www.linkedin.com/company/biofourmis?trk=public_jobs_jserp-result_job-search-card-subtitle,24-08-2022 11:11:37
Data Analyst,GenXHire Services Private Limited,"Navi Mumbai, Maharashtra, India",1 hour ago,https://in.linkedin.com/company/genxhire?trk=public_jobs_jserp-result_job-search-card-subtitle,24-08-2022 11:11:37
Data Analyst,GenXHire Services Private Limited,"Mumbai, Maharashtra, India",3 hours ago,https://in.linkedin.com/company/genxhire?trk=public_jobs_jserp-result_job-search-card-subtitle,24-08-2022 11:11:37
Data Analyst,SECARA INTERNATIONAL PVT LTD,"Kochi, Kerala, India",1 hour ago,https://www.linkedin.com/company/secara-international?trk=public_jobs_jserp-result_job-search-card-subtitle,24-08-2022 11:11:37
Data Analyst,COINDSYZ INFO TECHNOLOGIES,"Coimbatore, Tamil Nadu, India",9 minutes ago,https://in.linkedin.com/company/coindsyz-info-technologies?trk=public_jobs_jserp-result_job-search-card-subtitle,24-08-2022 11:11:37
Data Analyst,Convin,"Bengaluru, Karnataka, India",19 hours ago,https://in.linkedin.com/company/convin?trk=public_jobs_jserp-result_job-search-card-subtitle,24-08-2022 11:11:37
Data Analyst,COINDSYZ INFO TECHNOLOGIES,"Coimbatore, Tamil Nadu, India",11 minutes ago,https://in.linkedin.com/company/coindsyz-info-technologies?trk=public_jobs_jserp-result_job-search-card-subtitle,24-08-2022 11:11:37
Data Analyst,Appen,India,18 hours ago,https://au.linkedin.com/company/appen?trk=public_jobs_jserp-result_job-search-card-subtitle,24-08-2022 11:11:37
Data Analyst,Appen,India,18 hours ago,https://au.linkedin.com/company/appen?trk=public_jobs_jserp-result_job-search-card-subtitle,24-08-2022 11:11:37
Data Analyst,COINDSYZ INFO TECHNOLOGIES,"Coimbatore, Tamil Nadu, India",29 minutes ago,https://in.linkedin.com/company/coindsyz-info-technologies?trk=public_jobs_jserp-result_job-search-card-subtitle,24-08-2022 11:11:37
Data Analyst,Committed Communities Development Trust,"Mumbai, Maharashtra, India",1 hour ago,https://in.linkedin.com/company/committed-communities-development-trust?trk=public_jobs_jserp-result_job-search-card-subtitle,24-08-2022 11:11:37
"Learn Data Analyst with Python, Sql & Tableau @ Just 9,999 INR Per Month",LEJHRO,India,47 minutes ago,https://in.linkedin.com/company/lejhro?trk=public_jobs_jserp-result_job-search-card-subtitle,24-08-2022 11:11:37
Data Analyst,Appen,"Karnataka, India",18 hours ago,https://au.linkedin.com/company/appen?trk=public_jobs_jserp-result_job-search-card-subtitle,24-08-2022 11:11:37
Data Analyst,Appen,"Mumbai, Maharashtra, India",18 hours ago,https://au.linkedin.com/company/appen?trk=public_jobs_jserp-result_job-search-card-subtitle,24-08-2022 11:11:37
Data Analyst,Appen,"Mumbai, Maharashtra, India",18 hours ago,https://au.linkedin.com/company/appen?trk=public_jobs_jserp-result_job-search-card-subtitle,24-08-2022 11:11:37
Data Analyst,IHS Markit,"Bengaluru, Karnataka, India",12 hours ago,https://uk.linkedin.com/company/ihsmarkit?trk=public_jobs_jserp-result_job-search-card-subtitle,24-08-2022 11:11:37
Data Analyst [SQL],Giant Eagle GCC,"Bengaluru, Karnataka, India",12 hours ago,https://in.linkedin.com/company/giant-eagle-gcc?trk=public_jobs_jserp-result_job-search-card-subtitle,24-08-2022 11:11:37
Data Analyst,Overseas IT Services,"Hyderabad, Telangana, India",7 hours ago,https://in.linkedin.com/company/overseas-it-services?trk=public_jobs_jserp-result_job-search-card-subtitle,24-08-2022 11:11:37
Data Analyst,Six10 Ventures,"Hyderabad, Telangana, India",16 hours ago,https://www.linkedin.com/company/six10-ventures?trk=public_jobs_jserp-result_job-search-card-subtitle,24-08-2022 11:11:37
IND Data Analyst,Aon,"Bengaluru, Karnataka, India",21 hours ago,https://uk.linkedin.com/company/aon?trk=public_jobs_jserp-result_job-search-card-subtitle,24-08-2022 11:11:37
AWS Data Quality Analyst,Winning Edge,India,32 minutes ago,https://in.linkedin.com/company/winning-edge-india?trk=public_jobs_jserp-result_job-search-card-subtitle,24-08-2022 11:11:37
Data Analyst,AFIV DATA OUTSOURCING,"Surat, Gujarat, India",22 hours ago,https://in.linkedin.com/company/afiv-data-outsourcing?trk=public_jobs_jserp-result_job-search-card-subtitle,24-08-2022 11:11:37
Analyst/Data Analytics,D. E. Shaw India Private Limited,"Hyderabad, Telangana, India",12 hours ago,https://in.linkedin.com/company/d.-e.-shaw-india-private-limited?trk=public_jobs_jserp-result_job-search-card-subtitle,24-08-2022 11:11:37
Data Analyst - Senior Associate,EY,"Kochi, Kerala, India",14 hours ago,https://uk.linkedin.com/company/ernstandyoung?trk=public_jobs_jserp-result_job-search-card-subtitle,24-08-2022 11:11:37
Data Analyst,Brightly,"Noida, Uttar Pradesh, India",19 hours ago,https://www.linkedin.com/company/brightlysoftware?trk=public_jobs_jserp-result_job-search-card-subtitle,24-08-2022 11:11:37
Data Analyst,Biofourmis,"Bangalore Urban, Karnataka, India",19 hours ago,https://www.linkedin.com/company/biofourmis?trk=public_jobs_jserp-result_job-search-card-subtitle,24-08-2022 11:11:37
Data Analyst,GenXHire Services Private Limited,"Navi Mumbai, Maharashtra, India",1 hour ago,https://in.linkedin.com/company/genxhire?trk=public_jobs_jserp-result_job-search-card-subtitle,24-08-2022 11:11:37
Data Analyst,GenXHire Services Private Limited,"Mumbai, Maharashtra, India",3 hours ago,https://in.linkedin.com/company/genxhire?trk=public_jobs_jserp-result_job-search-card-subtitle,24-08-2022 11:11:37
Data Analyst,SECARA INTERNATIONAL PVT LTD,"Kochi, Kerala, India",1 hour ago,https://www.linkedin.com/company/secara-international?trk=public_jobs_jserp-result_job-search-card-subtitle,24-08-2022 11:11:37
Data Analyst,COINDSYZ INFO TECHNOLOGIES,"Coimbatore, Tamil Nadu, India",10 minutes ago,https://in.linkedin.com/company/coindsyz-info-technologies?trk=public_jobs_jserp-result_job-search-card-subtitle,24-08-2022 11:11:37
Data Analyst,Convin,"Bengaluru, Karnataka, India",19 hours ago,https://in.linkedin.com/company/convin?trk=public_jobs_jserp-result_job-search-card-subtitle,24-08-2022 11:11:37
Data Analyst,COINDSYZ INFO TECHNOLOGIES,"Coimbatore, Tamil Nadu, India",11 minutes ago,https://in.linkedin.com/company/coindsyz-info-technologies?trk=public_jobs_jserp-result_job-search-card-subtitle,24-08-2022 11:11:37
Data Analyst,Appen,India,18 hours ago,https://au.linkedin.com/company/appen?trk=public_jobs_jserp-result_job-search-card-subtitle,24-08-2022 11:11:37
Data Analyst,COINDSYZ INFO TECHNOLOGIES,"Coimbatore, Tamil Nadu, India",29 minutes ago,https://in.linkedin.com/company/coindsyz-info-technologies?trk=public_jobs_jserp-result_job-search-card-subtitle,24-08-2022 11:11:37
Data Analyst,Committed Communities Development Trust,"Mumbai, Maharashtra, India",1 hour ago,https://in.linkedin.com/company/committed-communities-development-trust?trk=public_jobs_jserp-result_job-search-card-subtitle,24-08-2022 11:11:37
"Learn Data Analyst with Python, Sql & Tableau @ Just 9,999 INR Per Month",LEJHRO,India,47 minutes ago,https://in.linkedin.com/company/lejhro?trk=public_jobs_jserp-result_job-search-card-subtitle,24-08-2022 11:11:37
Data Analyst,Appen,"Karnataka, India",18 hours ago,https://au.linkedin.com/company/appen?trk=public_jobs_jserp-result_job-search-card-subtitle,24-08-2022 11:11:37
Data Analyst,Appen,"Mumbai, Maharashtra, India",18 hours ago,https://au.linkedin.com/company/appen?trk=public_jobs_jserp-result_job-search-card-subtitle,24-08-2022 11:11:37
Data Analyst,Appen,"Mumbai, Maharashtra, India",18 hours ago,https://au.linkedin.com/company/appen?trk=public_jobs_jserp-result_job-search-card-subtitle,24-08-2022 11:11:37
Data Analyst,Appen,India,18 hours ago,https://au.linkedin.com/company/appen?trk=public_jobs_jserp-result_job-search-card-subtitle,24-08-2022 11:11:37
Data Analyst,IHS Markit,"Bengaluru, Karnataka, India",12 hours ago,https://uk.linkedin.com/company/ihsmarkit?trk=public_jobs_jserp-result_job-search-card-subtitle,24-08-2022 11:11:37
Data Analyst [SQL],Giant Eagle GCC,"Bengaluru, Karnataka, India",12 hours ago,https://in.linkedin.com/company/giant-eagle-gcc?trk=public_jobs_jserp-result_job-search-card-subtitle,24-08-2022 11:11:37
Data Analyst,Overseas IT Services,"Hyderabad, Telangana, India",7 hours ago,https://in.linkedin.com/company/overseas-it-services?trk=public_jobs_jserp-result_job-search-card-subtitle,24-08-2022 11:11:37
Data Analyst,Six10 Ventures,"Hyderabad, Telangana, India",16 hours ago,https://www.linkedin.com/company/six10-ventures?trk=public_jobs_jserp-result_job-search-card-subtitle,24-08-2022 11:11:37
IND Data Analyst,Aon,"Bengaluru, Karnataka, India",21 hours ago,https://uk.linkedin.com/company/aon?trk=public_jobs_jserp-result_job-search-card-subtitle,24-08-2022 11:11:37
AWS Data Quality Analyst,Winning Edge,India,32 minutes ago,https://in.linkedin.com/company/winning-edge-india?trk=public_jobs_jserp-result_job-search-card-subtitle,24-08-2022 11:11:37
Data Analyst,AFIV DATA OUTSOURCING,"Surat, Gujarat, India",22 hours ago,https://in.linkedin.com/company/afiv-data-outsourcing?trk=public_jobs_jserp-result_job-search-card-subtitle,24-08-2022 11:11:37
Data Analyst - Senior Associate,EY,"Kochi, Kerala, India",14 hours ago,https://uk.linkedin.com/company/ernstandyoung?trk=public_jobs_jserp-result_job-search-card-subtitle,24-08-2022 11:11:37
Data Analyst,Brightly,"Noida, Uttar Pradesh, India",19 hours ago,https://www.linkedin.com/company/brightlysoftware?trk=public_jobs_jserp-result_job-search-card-subtitle,24-08-2022 11:11:37
Data Analyst,Biofourmis,"Bangalore Urban, Karnataka, India",19 hours ago,https://www.linkedin.com/company/biofourmis?trk=public_jobs_jserp-result_job-search-card-subtitle,24-08-2022 11:11:37
Data Analyst,BD,"Gurgaon, Haryana, India",20 hours ago,https://www.linkedin.com/company/bd1?trk=public_jobs_jserp-result_job-search-card-subtitle,24-08-2022 11:11:37
